{"cameraMode":{"drawMode":0,"name":"Shaded","section":"Shading Mode"},"sceneLighting":true,"audioPlay":false,"sceneViewState":{"showFog":true,"showMaterialUpdate":false,"showSkybox":false,"showFlares":true,"showImageEffects":true,"showParticleSystems":true},"in2DMode":false,"pivot":{"x":-0.031356215476989749,"y":1.500512957572937,"z":-0.2665576934814453},"rotation":{"x":-0.006491891108453274,"y":0.919214129447937,"z":-0.015168419107794762,"w":-0.3934122920036316},"size":4.86079216003418,"orthographic":false}