{"cameraMode":{"drawMode":0,"name":"Shaded","section":"Shading Mode"},"sceneLighting":true,"audioPlay":false,"sceneViewState":{"showFog":false,"showMaterialUpdate":false,"showSkybox":false,"showFlares":false,"showImageEffects":false,"showParticleSystems":false},"in2DMode":false,"pivot":{"x":-18.834300994873048,"y":1.904953122138977,"z":2.449859142303467},"rotation":{"x":-0.04858667775988579,"y":0.949033796787262,"z":-0.18301023542881013,"w":-0.25195541977882388},"size":1.3400585651397706,"orthographic":false}