{"cameraMode":{"drawMode":0,"name":"Shaded","section":"Shading Mode"},"sceneLighting":true,"audioPlay":false,"sceneViewState":{"showFog":true,"showMaterialUpdate":false,"showSkybox":false,"showFlares":true,"showImageEffects":true,"showParticleSystems":true},"in2DMode":false,"pivot":{"x":0.04082410782575607,"y":1.6214197874069214,"z":0.17331434786319734},"rotation":{"x":-0.15575367212295533,"y":0.6971420049667358,"z":-0.15934574604034425,"w":-0.681427001953125},"size":1.7108001708984376,"orthographic":false}