{"cameraMode":{"drawMode":0,"name":"Shaded","section":"Shading Mode"},"sceneLighting":false,"audioPlay":false,"sceneViewState":{"showFog":false,"showMaterialUpdate":false,"showSkybox":false,"showFlares":false,"showImageEffects":false,"showParticleSystems":false},"in2DMode":false,"pivot":{"x":-0.13602274656295777,"y":1.4857181310653687,"z":0.7919568419456482},"rotation":{"x":-0.13699208199977876,"y":0.7036123275756836,"z":-0.14116480946540833,"w":-0.6828143000602722},"size":4.640058517456055,"orthographic":false}